,count,mean,std,min,25%,50%,75%,max,missing_count,missing_rate
CNT_CHILDREN,307511.0,0.4170517477423572,0.7221213844389559,0.0,0.0,0.0,1.0,19.0,0,0.0
AMT_INCOME_TOTAL,307511.0,168797.9192969845,237123.14627883647,25650.0,112500.0,147150.0,202500.0,117000000.0,0,0.0
AMT_CREDIT,307511.0,599025.9997057016,402490.776995946,45000.0,270000.0,513531.0,808650.0,4050000.0,0,0.0
AMT_ANNUITY,307511.0,27108.48784108536,14493.461065491048,1615.5,16524.0,24903.0,34596.0,258025.5,0,0.0
AMT_GOODS_PRICE,307511.0,538316.2943667056,369288.98224565014,40500.0,238500.0,450000.0,679500.0,4050000.0,0,0.0
REGION_POPULATION_RELATIVE,307511.0,0.020868112057780035,0.013831280122699869,0.00029,0.010006,0.01885,0.028663,0.072508,0,0.0
DAYS_BIRTH,307511.0,-16036.995066843137,4363.988631785526,-25229.0,-19682.0,-15750.0,-12413.0,-7489.0,0,0.0
DAYS_EMPLOYED,307511.0,63815.04590404896,141275.7665186621,-17912.0,-2760.0,-1213.0,-289.0,365243.0,0,0.0
DAYS_REGISTRATION,307511.0,-4986.120327538419,3522.88632096305,-24672.0,-7479.5,-4504.0,-2010.0,0.0,0,0.0
DAYS_ID_PUBLISH,307511.0,-2994.2023732484367,1509.450419003031,-7197.0,-4299.0,-3254.0,-1720.0,0.0,0,0.0
OWN_CAR_AGE,307511.0,10.04105219000296,7.1152284852856535,0.0,9.0,9.0,9.0,91.0,0,0.0
FLAG_MOBIL,307511.0,0.9999967480838083,0.0018033070153584427,0.0,1.0,1.0,1.0,1.0,0,0.0
FLAG_EMP_PHONE,307511.0,0.8198893698111612,0.38428019893910226,0.0,1.0,1.0,1.0,1.0,0,0.0
FLAG_WORK_PHONE,307511.0,0.1993684778755882,0.399526228149481,0.0,0.0,0.0,0.0,1.0,0,0.0
FLAG_CONT_MOBILE,307511.0,0.9981334001060125,0.04316389414260104,0.0,1.0,1.0,1.0,1.0,0,0.0
FLAG_PHONE,307511.0,0.28106636835755466,0.44952054685618487,0.0,0.0,0.0,1.0,1.0,0,0.0
FLAG_EMAIL,307511.0,0.0567199222141647,0.23130703972354083,0.0,0.0,0.0,0.0,1.0,0,0.0
CNT_FAM_MEMBERS,307511.0,2.1526644575316003,0.9106786909306551,1.0,2.0,2.0,3.0,20.0,0,0.0
REGION_RATING_CLIENT,307511.0,2.0524631639193394,0.5090339028159309,1.0,2.0,2.0,2.0,3.0,0,0.0
REGION_RATING_CLIENT_W_CITY,307511.0,2.031520823645333,0.5027370329151815,1.0,2.0,2.0,2.0,3.0,0,0.0
HOUR_APPR_PROCESS_START,307511.0,12.063418869568894,3.265832255439005,0.0,10.0,12.0,14.0,23.0,0,0.0
REG_REGION_NOT_LIVE_REGION,307511.0,0.015144173704355291,0.1221264762820422,0.0,0.0,0.0,0.0,1.0,0,0.0
REG_REGION_NOT_WORK_REGION,307511.0,0.05076891558350758,0.21952582879715415,0.0,0.0,0.0,0.0,1.0,0,0.0
LIVE_REGION_NOT_WORK_REGION,307511.0,0.04065870814377372,0.19749861882882908,0.0,0.0,0.0,0.0,1.0,0,0.0
REG_CITY_NOT_LIVE_CITY,307511.0,0.07817281333025486,0.26844377237329226,0.0,0.0,0.0,0.0,1.0,0,0.0
REG_CITY_NOT_WORK_CITY,307511.0,0.23045354475124466,0.42112383591502345,0.0,0.0,0.0,0.0,1.0,0,0.0
LIVE_CITY_NOT_WORK_CITY,307511.0,0.17955455252007246,0.38381661538643724,0.0,0.0,0.0,0.0,1.0,0,0.0
EXT_SOURCE_1,307511.0,0.5043106959340373,0.13940818028853807,0.0145681324124455,0.5059979305057544,0.5059979305057544,0.5059979305057544,0.962692770561306,0,0.0
EXT_SOURCE_2,307511.0,0.514503354322039,0.1908699315412981,8.173616518884397e-08,0.3929737210031833,0.5659614260608526,0.663421802279324,0.8549996664047012,0,0.0
EXT_SOURCE_3,307511.0,0.5156949091808121,0.17473571710873223,0.0005272652387098,0.4170996682522097,0.5352762504724826,0.6363761710860439,0.8960095494948396,0,0.0
APARTMENTS_AVG,307511.0,0.1022965266283157,0.07741245072537288,0.0,0.0876,0.0876,0.0876,1.0,0,0.0
BASEMENTAREA_AVG,307511.0,0.08133708355148274,0.05343269370266666,0.0,0.0763,0.0763,0.0763,1.0,0,0.0
YEARS_BEGINEXPLUATATION_AVG,307511.0,0.979620313744874,0.042428552701474956,0.0,0.9816,0.9816,0.9821,1.0,0,0.0
YEARS_BUILD_AVG,307511.0,0.7542858694485727,0.06558010194869521,0.0,0.7552,0.7552,0.7552,1.0,0,0.0
COMMONAREA_AVG,307511.0,0.02818625122353347,0.04310753289787501,0.0,0.0211,0.0211,0.0211,1.0,0,0.0
ELEVATORS_AVG,307511.0,0.03686885997574071,0.10004783570964908,0.0,0.0,0.0,0.0,1.0,0,0.0
ENTRANCES_AVG,307511.0,0.14377109436735597,0.07074560013661581,0.0,0.1379,0.1379,0.1379,1.0,0,0.0
FLOORSMAX_AVG,307511.0,0.19663346059165365,0.10676120070550123,0.0,0.1667,0.1667,0.1667,1.0,0,0.0
FLOORSMIN_AVG,307511.0,0.21588563368464866,0.09216694758428666,0.0,0.2083,0.2083,0.2083,1.0,0,0.0
LANDAREA_AVG,307511.0,0.055506914224206616,0.05251255145902045,0.0,0.0481,0.0481,0.0481,1.0,0,0.0
LIVINGAPARTMENTS_AVG,307511.0,0.08356656932597534,0.053377523820558694,0.0,0.0756,0.0756,0.0756,1.0,0,0.0
LIVINGAREA_AVG,307511.0,0.09088590717080042,0.0797445103332172,0.0,0.0745,0.0745,0.0745,1.0,0,0.0
NONLIVINGAPARTMENTS_AVG,307511.0,0.0026925501851966277,0.02669972294916582,0.0,0.0,0.0,0.0,1.0,0,0.0
NONLIVINGAREA_AVG,307511.0,0.014696633616358437,0.04814548058826505,0.0,0.0036,0.0036,0.0036,1.0,0,0.0
APARTMENTS_MODE,307511.0,0.09888885275648678,0.07724090874082107,0.0,0.084,0.084,0.084,1.0,0,0.0
BASEMENTAREA_MODE,307511.0,0.07996936792504986,0.05467371107442949,0.0,0.0746,0.0746,0.0746,1.0,0,0.0
YEARS_BEGINEXPLUATATION_MODE,307511.0,0.9792774102389833,0.04627046504144317,0.0,0.9811,0.9816,0.9816,1.0,0,0.0
YEARS_BUILD_MODE,307511.0,0.7630703887015422,0.06377983391745606,0.0,0.7648,0.7648,0.7648,1.0,0,0.0
COMMONAREA_MODE,307511.0,0.026096019329389847,0.042266312450406254,0.0,0.019,0.019,0.019,1.0,0,0.0
ELEVATORS_MODE,307511.0,0.03478970150661277,0.0977263930326651,0.0,0.0,0.0,0.0,1.0,0,0.0
ENTRANCES_MODE,307511.0,0.1415208948622976,0.07124530071280753,0.0,0.1379,0.1379,0.1379,1.0,0,0.0
FLOORSMAX_MODE,307511.0,0.19464054293992739,0.10558789050544241,0.0,0.1667,0.1667,0.1667,1.0,0,0.0
FLOORSMIN_MODE,307511.0,0.21465262608492053,0.09184558254771089,0.0,0.2083,0.2083,0.2083,1.0,0,0.0
LANDAREA_MODE,307511.0,0.05358247639921824,0.05294724855733131,0.0,0.0458,0.0458,0.0458,1.0,0,0.0
LIVINGAPARTMENTS_MODE,307511.0,0.08613303328986605,0.05663929584143625,0.0,0.0771,0.0771,0.0771,1.0,0,0.0
LIVINGAREA_MODE,307511.0,0.08947396906126934,0.08062671084378158,0.0,0.0731,0.0731,0.0731,1.0,0,0.0
NONLIVINGAPARTMENTS_MODE,307511.0,0.0024687123387456063,0.025854010131600862,0.0,0.0,0.0,0.0,1.0,0,0.0
NONLIVINGAREA_MODE,307511.0,0.012718600310232801,0.04876843404747878,0.0,0.0011,0.0011,0.0011,1.0,0,0.0
APARTMENTS_MEDI,307511.0,0.10188917111908193,0.07814587094714183,0.0,0.0864,0.0864,0.0864,1.0,0,0.0
BASEMENTAREA_MEDI,307511.0,0.08084232531519198,0.053267366860201025,0.0,0.0758,0.0758,0.0758,1.0,0,0.0
YEARS_BEGINEXPLUATATION_MEDI,307511.0,0.9796292288731133,0.042910033879394543,0.0,0.9816,0.9816,0.9821,1.0,0,0.0
YEARS_BUILD_MEDI,307511.0,0.7575774401566121,0.06487802312945168,0.0,0.7585,0.7585,0.7585,1.0,0,0.0
COMMONAREA_MEDI,307511.0,0.027968917534657283,0.04319684825107649,0.0,0.0208,0.0208,0.0208,1.0,0,0.0
ELEVATORS_MEDI,307511.0,0.03646549229133267,0.09981049885631173,0.0,0.0,0.0,0.0,1.0,0,0.0
ENTRANCES_MEDI,307511.0,0.14351693500395107,0.07094892437129145,0.0,0.1379,0.1379,0.1379,1.0,0,0.0
FLOORSMAX_MEDI,307511.0,0.19643988052459913,0.1069979560082769,0.0,0.1667,0.1667,0.1667,1.0,0,0.0
FLOORSMIN_MEDI,307511.0,0.21579928717997088,0.09246354756374521,0.0,0.2083,0.2083,0.2083,1.0,0,0.0
LANDAREA_MEDI,307511.0,0.05620260836197729,0.05314986320840425,0.0,0.0487,0.0487,0.0487,1.0,0,0.0
LIVINGAPARTMENTS_MEDI,307511.0,0.08428166016825418,0.05403232515768875,0.0,0.0761,0.0761,0.0761,1.0,0,0.0
LIVINGAREA_MEDI,307511.0,0.0916882039992065,0.08099895837412907,0.0,0.0749,0.0749,0.0749,1.0,0,0.0
NONLIVINGAPARTMENTS_MEDI,307511.0,0.002644358413194975,0.02651553358111641,0.0,0.0,0.0,0.0,1.0,0,0.0
NONLIVINGAREA_MEDI,307511.0,0.014366129666906223,0.048609983377898014,0.0,0.0031,0.0031,0.0031,1.0,0,0.0
TOTALAREA_MODE,307511.0,0.08625764899467012,0.07910992658867647,0.0,0.067,0.0688,0.0703,1.0,0,0.0
OBS_30_CNT_SOCIAL_CIRCLE,307511.0,1.4175232755901415,2.398395406064588,0.0,0.0,0.0,2.0,348.0,0,0.0
DEF_30_CNT_SOCIAL_CIRCLE,307511.0,0.14294448003486054,0.4460325557437661,0.0,0.0,0.0,0.0,34.0,0,0.0
OBS_60_CNT_SOCIAL_CIRCLE,307511.0,1.4006263190585053,2.3772242660578353,0.0,0.0,0.0,2.0,344.0,0,0.0
DEF_60_CNT_SOCIAL_CIRCLE,307511.0,0.09971675809971026,0.36173465013249073,0.0,0.0,0.0,0.0,24.0,0,0.0
DAYS_LAST_PHONE_CHANGE,307511.0,-962.8581188965597,826.8072260171336,-4292.0,-1570.0,-757.0,-274.0,0.0,0,0.0
FLAG_DOCUMENT_2,307511.0,4.2274910491006824e-05,0.006501789045473359,0.0,0.0,0.0,0.0,1.0,0,0.0
FLAG_DOCUMENT_3,307511.0,0.7100233812774177,0.45375196843225896,0.0,0.0,1.0,1.0,1.0,0,0.0
FLAG_DOCUMENT_4,307511.0,8.129790479039775e-05,0.009016183216502365,0.0,0.0,0.0,0.0,1.0,0,0.0
FLAG_DOCUMENT_5,307511.0,0.015114906458630749,0.1220102228137952,0.0,0.0,0.0,0.0,1.0,0,0.0
FLAG_DOCUMENT_6,307511.0,0.0880553866365756,0.2833758928634348,0.0,0.0,0.0,0.0,1.0,0,0.0
FLAG_DOCUMENT_7,307511.0,0.00019186305530533867,0.013850157676953384,0.0,0.0,0.0,0.0,1.0,0,0.0
FLAG_DOCUMENT_8,307511.0,0.08137595077899652,0.27341204894479115,0.0,0.0,0.0,0.0,1.0,0,0.0
FLAG_DOCUMENT_9,307511.0,0.00389579559755586,0.062294710800275266,0.0,0.0,0.0,0.0,1.0,0,0.0
FLAG_DOCUMENT_10,307511.0,2.276341334131137e-05,0.004771055354074948,0.0,0.0,0.0,0.0,1.0,0,0.0
FLAG_DOCUMENT_11,307511.0,0.003912055178513939,0.06242406326687307,0.0,0.0,0.0,0.0,1.0,0,0.0
FLAG_DOCUMENT_12,307511.0,6.503832383231819e-06,0.002550257091605682,0.0,0.0,0.0,0.0,1.0,0,0.0
FLAG_DOCUMENT_13,307511.0,0.003525077151711646,0.059267718073907814,0.0,0.0,0.0,0.0,1.0,0,0.0
FLAG_DOCUMENT_14,307511.0,0.0029364803210291664,0.054109767376285214,0.0,0.0,0.0,0.0,1.0,0,0.0
FLAG_DOCUMENT_15,307511.0,0.0012097128232811183,0.03475993882766619,0.0,0.0,0.0,0.0,1.0,0,0.0
FLAG_DOCUMENT_16,307511.0,0.009928100133003373,0.09914416233781621,0.0,0.0,0.0,0.0,1.0,0,0.0
FLAG_DOCUMENT_17,307511.0,0.0002666571277125046,0.016327488741600966,0.0,0.0,0.0,0.0,1.0,0,0.0
FLAG_DOCUMENT_18,307511.0,0.008129790479039774,0.08979823610939226,0.0,0.0,0.0,0.0,1.0,0,0.0
FLAG_DOCUMENT_19,307511.0,0.0005951006630657115,0.024387465065840774,0.0,0.0,0.0,0.0,1.0,0,0.0
FLAG_DOCUMENT_20,307511.0,0.0005072989258920819,0.022517620268457914,0.0,0.0,0.0,0.0,1.0,0,0.0
FLAG_DOCUMENT_21,307511.0,0.0003349473677364387,0.01829853182241794,0.0,0.0,0.0,0.0,1.0,0,0.0
AMT_REQ_CREDIT_BUREAU_HOUR,307511.0,0.005538013274321894,0.07801413049736325,0.0,0.0,0.0,0.0,4.0,0,0.0
AMT_REQ_CREDIT_BUREAU_DAY,307511.0,0.0060550679487888235,0.10303712010865379,0.0,0.0,0.0,0.0,9.0,0,0.0
AMT_REQ_CREDIT_BUREAU_WEEK,307511.0,0.029722513991369416,0.19072793759936296,0.0,0.0,0.0,0.0,8.0,0,0.0
AMT_REQ_CREDIT_BUREAU_MON,307511.0,0.23129253912868158,0.8568100735744607,0.0,0.0,0.0,0.0,27.0,0,0.0
AMT_REQ_CREDIT_BUREAU_QRT,307511.0,0.22963080995476584,0.74405899265144,0.0,0.0,0.0,0.0,261.0,0,0.0
AMT_REQ_CREDIT_BUREAU_YEAR,307511.0,1.778463209446166,1.7655231477173585,0.0,1.0,1.0,3.0,25.0,0,0.0
BUREAU_SK_ID_BUREAU_MEAN,263491.0,5890848.443195915,532174.8355119771,5000002.0,5424165.4,5854116.5,6361091.083333334,6843453.5,44020,0.14314935075493235
BUREAU_SK_ID_BUREAU_MAX,263491.0,5916632.366889192,539831.6619421024,5000004.0,5440597.0,5886558.0,6395846.0,6843457.0,44020,0.14314935075493235
BUREAU_SK_ID_BUREAU_MIN,263491.0,5865194.930449237,535257.3266382505,5000000.0,5395569.0,5826695.0,6330388.5,6843450.0,44020,0.14314935075493235
BUREAU_SK_ID_BUREAU_STD,227419.0,26062.610091779137,98073.20644996829,0.7071067811865476,1.0,1.8708286933371896,3.027650354101764,1263717.9048128186,80092,0.26045247161890145
BUREAU_DAYS_CREDIT_MEAN,263491.0,-1083.0471096869621,563.3272983651826,-2922.0,-1434.0,-1050.571428571429,-663.7638888888889,0.0,44020,0.14314935075493235
BUREAU_DAYS_CREDIT_MAX,263491.0,-489.2978166237177,537.5741451613126,-2922.0,-620.0,-300.0,-143.0,0.0,44020,0.14314935075493235
BUREAU_DAYS_CREDIT_MIN,263491.0,-1762.3748818745232,863.8621809632954,-2922.0,-2583.0,-1827.0,-1035.0,0.0,44020,0.14314935075493235
BUREAU_DAYS_CREDIT_STD,227419.0,614.8027617351518,335.459760239184,0.0,353.4055335424012,620.5695502251675,849.7964364089194,2042.831490847936,80092,0.26045247161890145
BUREAU_CREDIT_DAY_OVERDUE_MEAN,263491.0,1.0358630970436555,25.825412292541273,0.0,0.0,0.0,0.0,2776.0,44020,0.14314935075493235
BUREAU_CREDIT_DAY_OVERDUE_MAX,263491.0,4.772758841857976,89.14127391359044,0.0,0.0,0.0,0.0,2792.0,44020,0.14314935075493235
BUREAU_CREDIT_DAY_OVERDUE_MIN,263491.0,0.15856329058677526,16.85893132193784,0.0,0.0,0.0,0.0,2776.0,44020,0.14314935075493235
BUREAU_CREDIT_DAY_OVERDUE_STD,227419.0,2.206826211511443,40.602514595174995,0.0,0.0,0.0,0.0,1900.7030278294396,80092,0.26045247161890145
BUREAU_DAYS_CREDIT_ENDDATE_MEAN,263491.0,570.3198160198574,3033.4800715226374,-41875.0,-674.8333333333334,-159.2,541.0,31198.0,44020,0.14314935075493235
BUREAU_DAYS_CREDIT_ENDDATE_MAX,263491.0,4404.292863892884,9314.528497276453,-41875.0,106.0,898.0,1676.0,31199.0,44020,0.14314935075493235
BUREAU_DAYS_CREDIT_ENDDATE_MIN,263491.0,-1077.6920843596176,2408.9080197490816,-42060.0,-2127.0,-1253.0,-427.0,31198.0,44020,0.14314935075493235
BUREAU_DAYS_CREDIT_ENDDATE_STD,227419.0,2542.9576719794104,4060.640298733699,0.0,651.1976914066646,981.6992071573316,1570.678515634142,38718.33891065059,80092,0.26045247161890145
BUREAU_DAYS_ENDDATE_FACT_MEAN,263491.0,-954.8343386087942,356.338087192343,-5384.7,-1116.9,-897.0,-749.8257575757576,0.0,44020,0.14314935075493235
BUREAU_DAYS_ENDDATE_FACT_MAX,263491.0,-516.5150764162723,409.8358373482257,-2887.0,-897.0,-424.0,-176.0,0.0,44020,0.14314935075493235
BUREAU_DAYS_ENDDATE_FACT_MIN,263491.0,-1471.609713424747,678.6949013396737,-42023.0,-2126.0,-1241.0,-897.0,0.0,44020,0.14314935075493235
BUREAU_DAYS_ENDDATE_FACT_STD,227419.0,443.34759584899615,269.23102701343913,0.0,263.27172275046934,418.57894516247865,626.6093479986803,12898.961870803574,80092,0.26045247161890145
BUREAU_AMT_CREDIT_MAX_OVERDUE_MEAN,263491.0,1944.9034846216523,132241.2677562501,0.0,0.0,0.0,64.851,47406123.0,44020,0.14314935075493235
BUREAU_AMT_CREDIT_MAX_OVERDUE_MAX,263491.0,6557.470026251372,307424.6496448508,0.0,0.0,0.0,373.5,115987185.0,44020,0.14314935075493235
BUREAU_AMT_CREDIT_MAX_OVERDUE_MIN,263491.0,420.021797253037,51432.47226767897,0.0,0.0,0.0,0.0,16950010.5,44020,0.14314935075493235
BUREAU_AMT_CREDIT_MAX_OVERDUE_STD,227419.0,3234.673478290502,203592.42102277535,0.0,0.0,0.0,1021.5,67042382.08612712,80092,0.26045247161890145
BUREAU_CNT_CREDIT_PROLONG_MEAN,263491.0,0.007919305878888571,0.06647949495535894,0.0,0.0,0.0,0.0,6.0,44020,0.14314935075493235
BUREAU_CNT_CREDIT_PROLONG_MAX,263491.0,0.03923853186636356,0.23664217147645691,0.0,0.0,0.0,0.0,9.0,44020,0.14314935075493235
BUREAU_CNT_CREDIT_PROLONG_MIN,263491.0,0.0014535600836461206,0.047337686125438046,0.0,0.0,0.0,0.0,6.0,44020,0.14314935075493235
BUREAU_CNT_CREDIT_PROLONG_STD,227419.0,0.017155219261215045,0.10143643313274255,0.0,0.0,0.0,0.0,3.577708763999664,80092,0.26045247161890145
BUREAU_AMT_CREDIT_SUM_MEAN,263491.0,378077.5224493971,891667.4040903096,0.0,103500.0,195507.0,394116.13425,198072344.25,44020,0.14314935075493235
BUREAU_AMT_CREDIT_SUM_MAX,263491.0,976000.920964701,2087562.6013180397,0.0,180000.0,450000.0,1043829.0,396000000.0,44020,0.14314935075493235
BUREAU_AMT_CREDIT_SUM_MIN,263491.0,119629.52862074986,580087.2528242521,0.0,16117.4475,39534.84,90000.0,142290000.0,44020,0.14314935075493235
BUREAU_AMT_CREDIT_SUM_STD,227419.0,409892.12383361347,1042958.3565786254,0.0,76700.18562068726,182462.1770910849,427840.62602756894,279911975.1303631,80092,0.26045247161890145
BUREAU_AMT_CREDIT_SUM_DEBT_MEAN,263491.0,136925.98265786693,462832.1108517886,-1083614.67,0.0,34978.5225,120384.0,43650000.0,44020,0.14314935075493235
BUREAU_AMT_CREDIT_SUM_DEBT_MAX,263491.0,507057.07141271996,1327118.0185463217,-25959.645,0.0,137245.5,476550.0,170100000.0,44020,0.14314935075493235
BUREAU_AMT_CREDIT_SUM_DEBT_MIN,263491.0,29301.135216326173,342813.26199397526,-4705600.32,0.0,0.0,0.0,43650000.0,44020,0.14314935075493235
BUREAU_AMT_CREDIT_SUM_DEBT_STD,227419.0,231782.14556528226,601851.8756010015,0.0,1257.026348869008,75267.4803709304,220345.50211943907,52679220.508863926,80092,0.26045247161890145
BUREAU_AMT_CREDIT_SUM_LIMIT_MEAN,263491.0,3956.2065420759777,20796.10124328176,-65261.107500000006,0.0,0.0,0.0,1755000.0,44020,0.14314935075493235
BUREAU_AMT_CREDIT_SUM_LIMIT_MAX,263491.0,20500.747658766333,82007.60852111087,-1747.035,0.0,0.0,0.0,4705600.32,44020,0.14314935075493235
BUREAU_AMT_CREDIT_SUM_LIMIT_MIN,263491.0,403.56742431430297,11792.006517105252,-586406.115,0.0,0.0,0.0,1755000.0,44020,0.14314935075493235
BUREAU_AMT_CREDIT_SUM_LIMIT_STD,227419.0,8992.178732859995,35577.75792401588,0.0,0.0,0.0,0.0,2598076.211353316,80092,0.26045247161890145
BUREAU_AMT_CREDIT_SUM_OVERDUE_MEAN,263491.0,49.549302498678365,5291.734571052633,0.0,0.0,0.0,0.0,1617403.5,44020,0.14314935075493235
BUREAU_AMT_CREDIT_SUM_OVERDUE_MAX,263491.0,184.9701926251751,14388.240178792103,0.0,0.0,0.0,0.0,3756681.0,44020,0.14314935075493235
BUREAU_AMT_CREDIT_SUM_OVERDUE_MIN,263491.0,13.193205479504043,4127.500630916929,0.0,0.0,0.0,0.0,1617403.5,44020,0.14314935075493235
BUREAU_AMT_CREDIT_SUM_OVERDUE_STD,227419.0,83.74704688878145,6875.826466363917,0.0,0.0,0.0,0.0,1878340.5,80092,0.26045247161890145
BUREAU_DAYS_CREDIT_UPDATE_MEAN,263491.0,-546.6324987270407,453.74794948103624,-41890.0,-779.0,-481.8333333333333,-208.4,14.0,44020,0.14314935075493235
BUREAU_DAYS_CREDIT_UPDATE_MAX,263491.0,-140.99334702134038,348.82282668078125,-41890.0,-50.0,-19.0,-9.0,372.0,44020,0.14314935075493235
BUREAU_DAYS_CREDIT_UPDATE_MIN,263491.0,-1181.3610483849543,1118.149907537014,-41947.0,-1902.0,-1055.0,-474.0,14.0,44020,0.14314935075493235
BUREAU_DAYS_CREDIT_UPDATE_STD,227419.0,503.50598561870146,417.8887063111655,0.0,260.73324718896066,461.99835085255035,719.3826832516345,29612.21778253024,80092,0.26045247161890145
BUREAU_AMT_ANNUITY_MEAN,263491.0,3567.0730938177917,81705.3266803616,0.0,0.0,0.0,0.0,27282428.7525,44020,0.14314935075493235
BUREAU_AMT_ANNUITY_MAX,263491.0,10578.68870723478,284052.0403592422,0.0,0.0,0.0,0.0,59586682.5,44020,0.14314935075493235
BUREAU_AMT_ANNUITY_MIN,263491.0,1092.5466741179014,48792.33807859304,0.0,0.0,0.0,0.0,24016036.5,44020,0.14314935075493235
BUREAU_AMT_ANNUITY_STD,227419.0,4538.560220390368,124463.09430645748,0.0,0.0,0.0,0.0,38580069.479354896,80092,0.26045247161890145
BUREAU_CREDIT_ACTIVE_ACTIVE,263491.0,0.41297188631978843,0.3084043773452618,0.0,0.2,0.375,0.6,1.0,44020,0.14314935075493235
BUREAU_CREDIT_ACTIVE_BAD DEBT,263491.0,1.1977061990155416e-05,0.0016511433400752669,0.0,0.0,0.0,0.0,0.5,44020,0.14314935075493235
BUREAU_CREDIT_ACTIVE_CLOSED,263491.0,0.5831121616713061,0.3086798679453227,0.0,0.4,0.625,0.8,1.0,44020,0.14314935075493235
BUREAU_CREDIT_ACTIVE_SOLD,263491.0,0.003903974946915503,0.0384182136343603,0.0,0.0,0.0,0.0,1.0,44020,0.14314935075493235
BUREAU_CREDIT_ACTIVE_NAN,263491.0,0.0,0.0,0.0,0.0,0.0,0.0,0.0,44020,0.14314935075493235
BUREAU_CREDIT_CURRENCY_CURRENCY 1,263491.0,0.999184883531689,0.018044990914584898,0.0,1.0,1.0,1.0,1.0,44020,0.14314935075493235
BUREAU_CREDIT_CURRENCY_CURRENCY 2,263491.0,0.0007344621883681396,0.017411359122946484,0.0,0.0,0.0,0.0,1.0,44020,0.14314935075493235
BUREAU_CREDIT_CURRENCY_CURRENCY 3,263491.0,7.371901098732068e-05,0.004255113839880116,0.0,0.0,0.0,0.0,1.0,44020,0.14314935075493235
BUREAU_CREDIT_CURRENCY_CURRENCY 4,263491.0,6.935268955603615e-06,0.0013903709021903642,0.0,0.0,0.0,0.0,0.5,44020,0.14314935075493235
BUREAU_CREDIT_CURRENCY_NAN,263491.0,0.0,0.0,0.0,0.0,0.0,0.0,0.0,44020,0.14314935075493235
BUREAU_CREDIT_TYPE_ANOTHER TYPE OF LOAN,263491.0,0.0007302332597711916,0.017911493183084052,0.0,0.0,0.0,0.0,1.0,44020,0.14314935075493235
BUREAU_CREDIT_TYPE_CAR LOAN,263491.0,0.01987289482843021,0.09438231527283673,0.0,0.0,0.0,0.0,1.0,44020,0.14314935075493235
BUREAU_CREDIT_TYPE_CASH LOAN (NON-EARMARKED),263491.0,1.1334907925303802e-05,0.0015527426927674254,0.0,0.0,0.0,0.0,0.4,44020,0.14314935075493235
BUREAU_CREDIT_TYPE_CONSUMER CREDIT,263491.0,0.7195213509102713,0.27716385435365326,0.0,0.5714285714285714,0.75,1.0,1.0,44020,0.14314935075493235
BUREAU_CREDIT_TYPE_CREDIT CARD,263491.0,0.23965226299368905,0.2572255451316084,0.0,0.0,0.2,0.3333333333333333,1.0,44020,0.14314935075493235
BUREAU_CREDIT_TYPE_INTERBANK CREDIT,263491.0,6.325326734752481e-07,0.0003246877149586059,0.0,0.0,0.0,0.0,0.1666666666666666,44020,0.14314935075493235
BUREAU_CREDIT_TYPE_LOAN FOR BUSINESS DEVELOPMENT,263491.0,0.0012220497877999572,0.02205294029394342,0.0,0.0,0.0,0.0,1.0,44020,0.14314935075493235
BUREAU_CREDIT_TYPE_LOAN FOR PURCHASE OF SHARES (MARGIN LENDING),263491.0,4.340147267230166e-06,0.0013917294470449054,0.0,0.0,0.0,0.0,0.5,44020,0.14314935075493235
BUREAU_CREDIT_TYPE_LOAN FOR THE PURCHASE OF EQUIPMENT,263491.0,1.4143606396003903e-05,0.002960403907539907,0.0,0.0,0.0,0.0,1.0,44020,0.14314935075493235
BUREAU_CREDIT_TYPE_LOAN FOR WORKING CAPITAL REPLENISHMENT,263491.0,0.00022952731465480963,0.008784057899963935,0.0,0.0,0.0,0.0,1.0,44020,0.14314935075493235
BUREAU_CREDIT_TYPE_MICROLOAN,263491.0,0.0042076923787287375,0.04623601369914135,0.0,0.0,0.0,0.0,1.0,44020,0.14314935075493235
BUREAU_CREDIT_TYPE_MOBILE OPERATOR LOAN,263491.0,2.3719975255321814e-07,0.00012175789310957728,0.0,0.0,0.0,0.0,0.0625,44020,0.14314935075493235
BUREAU_CREDIT_TYPE_MORTGAGE,263491.0,0.014232926003697449,0.08097331671887961,0.0,0.0,0.0,0.0,1.0,44020,0.14314935075493235
BUREAU_CREDIT_TYPE_REAL ESTATE LOAN,263491.0,1.7852523820469593e-05,0.0027125396244032365,0.0,0.0,0.0,0.0,1.0,44020,0.14314935075493235
BUREAU_CREDIT_TYPE_UNKNOWN TYPE OF LOAN,263491.0,0.0002825216051222768,0.009196784029527259,0.0,0.0,0.0,0.0,1.0,44020,0.14314935075493235
BUREAU_CREDIT_TYPE_NAN,263491.0,0.0,0.0,0.0,0.0,0.0,0.0,0.0,44020,0.14314935075493235
PREV_SK_ID_PREV_MEAN,291057.0,1916228.7368301414,334201.8824975816,1000005.0,1720836.25,1919407.2,2112989.5,2843761.0,16454,0.05350702901684818
PREV_SK_ID_PREV_MAX,291057.0,2379167.7114310944,447141.32988195587,1000005.0,2158442.0,2535495.0,2727359.0,2845381.0,16454,0.05350702901684818
PREV_SK_ID_PREV_MIN,291057.0,1453123.1142009983,435388.6801426657,1000001.0,1117583.0,1303693.0,1659476.0,2843761.0,16454,0.05350702901684818
PREV_SK_ID_PREV_STD,238524.0,496028.5191459557,193998.386248015,0.7071067811865476,386302.7322999308,511355.5535275302,609868.4584366722,1294341.2852924457,68987,0.22433994231100676
PREV_AMT_ANNUITY_MEAN,291057.0,13764.560828645446,8485.279656565139,0.0,8428.1625,11815.036071428573,16842.105,290358.0,16454,0.05350702901684818
PREV_AMT_ANNUITY_MAX,291057.0,23955.97121007225,18962.052757102476,0.0,11250.0,17886.645,31500.0,418058.145,16454,0.05350702901684818
PREV_AMT_ANNUITY_MIN,291057.0,7357.88717112112,6459.947509049374,0.0,3502.08,5730.39,9522.09,290358.0,16454,0.05350702901684818
PREV_AMT_ANNUITY_STD,238524.0,8421.742542768237,7495.025089314004,0.0,3473.3047563627615,6179.383230458773,11311.369557949149,230205.16935415173,68987,0.22433994231100676
PREV_AMT_APPLICATION_MEAN,291057.0,154005.48642273116,153287.83105431244,0.0,61925.7375,106002.0,191250.0,4050000.0,16454,0.05350702901684818
PREV_AMT_APPLICATION_MAX,291057.0,374590.4658421032,421995.1349588112,0.0,98311.5,202500.0,454500.0,5850000.0,16454,0.05350702901684818
PREV_AMT_APPLICATION_MIN,291057.0,44360.99737551409,93568.38180388119,0.0,0.0,18368.28,54000.0,4050000.0,16454,0.05350702901684818
PREV_AMT_APPLICATION_STD,238524.0,169412.71340340294,181718.48927123923,0.0,45113.92042907793,99948.77620819729,233279.77149433445,2913554.5301229563,68987,0.22433994231100676
PREV_AMT_CREDIT_MEAN,291057.0,170069.97577380613,165737.1739976054,0.0,66849.42857142857,117450.0,216072.0,4050000.0,16454,0.05350702901684818
PREV_AMT_CREDIT_MAX,291057.0,413865.56654232676,457538.3826657004,0.0,104431.5,225000.0,547344.0,4509688.5,16454,0.05350702901684818
PREV_AMT_CREDIT_MIN,291057.0,48690.7822620827,96674.14274884116,0.0,0.0,23805.0,58905.0,4050000.0,16454,0.05350702901684818
PREV_AMT_CREDIT_STD,238524.0,186655.32768231802,194435.77537588959,0.0,49176.14327460622,115356.36091323246,262353.91003493854,2390526.501759079,68987,0.22433994231100676
PREV_AMT_DOWN_PAYMENT_MEAN,291057.0,4952.66223098284,12586.159336949555,0.0,1228.5,2250.0,5121.0,1980000.0,16454,0.05350702901684818
PREV_AMT_DOWN_PAYMENT_MAX,291057.0,11345.250962285738,27735.070109073076,0.0,1638.0,4990.5,13495.5,3060045.0,16454,0.05350702901684818
PREV_AMT_DOWN_PAYMENT_MIN,291057.0,1989.7768155206713,9584.083308416917,-0.9,0.0,0.0,1638.0,1980000.0,16454,0.05350702901684818
PREV_AMT_DOWN_PAYMENT_STD,238524.0,5193.051338872339,14110.545198723827,0.0,892.1273981511596,2230.5683412529643,5727.564927611035,1527611.938632342,68987,0.22433994231100676
PREV_AMT_GOODS_PRICE_MEAN,291057.0,172016.56447044393,153672.62398744476,0.0,79645.5,124603.92,213105.2727272727,4050000.0,16454,0.05350702901684818
PREV_AMT_GOODS_PRICE_MAX,291057.0,377749.3485925953,419804.41119291587,0.0,112320.0,202500.0,454500.0,5850000.0,16454,0.05350702901684818
PREV_AMT_GOODS_PRICE_MIN,291057.0,70708.02693529103,88160.15218900431,0.0,29205.0,45855.0,90000.0,4050000.0,16454,0.05350702901684818
PREV_AMT_GOODS_PRICE_STD,238524.0,155697.94986044607,177536.79273814723,0.0,38416.19178712395,81903.55955629738,213860.8943527463,2913554.5301229563,68987,0.22433994231100676
PREV_HOUR_APPR_PROCESS_START_MEAN,291057.0,12.661585525849723,2.7755744759542282,0.0,11.0,12.75,14.5,23.0,16454,0.05350702901684818
PREV_HOUR_APPR_PROCESS_START_MAX,291057.0,14.768344344922129,3.182892572555001,0.0,13.0,15.0,17.0,23.0,16454,0.05350702901684818
PREV_HOUR_APPR_PROCESS_START_MIN,291057.0,10.728266284610918,3.0931743877075575,0.0,9.0,10.0,12.0,23.0,16454,0.05350702901684818
PREV_HOUR_APPR_PROCESS_START_STD,238524.0,2.159141038217358,1.1480238843952113,0.0,1.4142135623730951,2.1213203435596424,2.857738033247041,13.435028842544405,68987,0.22433994231100676
PREV_NFLAG_LAST_APPL_IN_DAY_MEAN,291057.0,0.9976050786233954,0.025210592390634806,0.0,1.0,1.0,1.0,1.0,16454,0.05350702901684818
PREV_NFLAG_LAST_APPL_IN_DAY_MAX,291057.0,0.9998556983683609,0.012011715297679805,0.0,1.0,1.0,1.0,1.0,16454,0.05350702901684818
PREV_NFLAG_LAST_APPL_IN_DAY_MIN,291057.0,0.9858859261244362,0.11796149627096471,0.0,1.0,1.0,1.0,1.0,16454,0.05350702901684818
PREV_NFLAG_LAST_APPL_IN_DAY_STD,238524.0,0.0064482104813555225,0.050703622747166964,0.0,0.0,0.0,0.0,0.7071067811865476,68987,0.22433994231100676
PREV_RATE_DOWN_PAYMENT_MEAN,291057.0,0.06995699128561303,0.06307100437972321,0.0,0.0368607747910923,0.0543028112610732,0.0892616171734648,0.8712727272727272,16454,0.05350702901684818
PREV_RATE_DOWN_PAYMENT_MAX,291057.0,0.1318118505186715,0.1215739440558552,0.0,0.0516050847075292,0.1039806910327443,0.1781722000569962,1.0,16454,0.05350702901684818
PREV_RATE_DOWN_PAYMENT_MIN,291057.0,0.03082279182201643,0.05849645896158852,-1.4978763414307848e-05,0.0,0.0,0.0516050847075292,0.8712727272727272,16454,0.05350702901684818
PREV_RATE_DOWN_PAYMENT_STD,238524.0,0.05520755396005156,0.0548892506927311,0.0,0.0256271306499522,0.0364903053404001,0.07033049196496063,0.6398726451125754,68987,0.22433994231100676
PREV_RATE_INTEREST_PRIMARY_MEAN,291057.0,0.1891305154060505,0.005710856571934502,0.0591352147795534,0.1891221806641732,0.1891221806641732,0.1891221806641732,0.7009520571234276,16454,0.05350702901684818
PREV_RATE_INTEREST_PRIMARY_MAX,291057.0,0.1893522491282503,0.011158878054198068,0.0591352147795534,0.1891221806641732,0.1891221806641732,0.1891221806641732,1.0,16454,0.05350702901684818
PREV_RATE_INTEREST_PRIMARY_MIN,291057.0,0.18890555974876708,0.005732942753718874,0.0347812535418791,0.1891221806641732,0.1891221806641732,0.1891221806641732,0.7009520571234276,16454,0.05350702901684818
PREV_RATE_INTEREST_PRIMARY_STD,238524.0,0.0002590144611891243,0.00588958327037366,0.0,0.0,0.0,0.0,0.5733772047661233,68987,0.22433994231100676
PREV_RATE_INTEREST_PRIVILEGED_MEAN,291057.0,0.8347122853239883,0.007052421712277564,0.3731501057082452,0.8350951374207188,0.8350951374207188,0.8350951374207188,0.868076109936575,16454,0.05350702901684818
PREV_RATE_INTEREST_PRIVILEGED_MAX,291057.0,0.8350310511818917,0.006123676962577719,0.3731501057082452,0.8350951374207188,0.8350951374207188,0.8350951374207188,1.0,16454,0.05350702901684818
PREV_RATE_INTEREST_PRIVILEGED_MIN,291057.0,0.8339537555327704,0.014998458281403044,0.3731501057082452,0.8350951374207188,0.8350951374207188,0.8350951374207188,0.8673361522198731,16454,0.05350702901684818
PREV_RATE_INTEREST_PRIVILEGED_STD,238524.0,0.0006207929614234811,0.007558697857792934,0.0,0.0,0.0,0.0,0.2903921611955324,68987,0.22433994231100676
PREV_DAYS_DECISION_MEAN,291057.0,-919.5741567654009,577.7659366505604,-2922.0,-1247.0,-789.0,-466.8,-2.0,16454,0.05350702901684818
PREV_DAYS_DECISION_MAX,291057.0,-480.8168193858935,540.1860885259904,-2922.0,-595.0,-299.0,-147.0,-1.0,16454,0.05350702901684818
PREV_DAYS_DECISION_MIN,291057.0,-1539.8220760881889,864.6642617096174,-2922.0,-2391.0,-1503.0,-725.0,-2.0,16454,0.05350702901684818
PREV_DAYS_DECISION_STD,238524.0,573.2822876656415,366.0990445442739,0.0,260.6728269233693,538.5858318148462,841.1911921388776,2047.0741315350551,68987,0.22433994231100676
PREV_SELLERPLACE_AREA_MEAN,291057.0,413.1127373285869,10722.704687201178,-1.0,23.0,79.0,350.0,4000000.0,16454,0.05350702901684818
PREV_SELLERPLACE_AREA_MAX,291057.0,967.9794129672194,16839.49834372301,-1.0,50.0,158.0,1168.0,4000000.0,16454,0.05350702901684818
PREV_SELLERPLACE_AREA_MIN,291057.0,169.7846366862848,10552.092230108145,-1.0,-1.0,-1.0,30.0,4000000.0,16454,0.05350702901684818
PREV_SELLERPLACE_AREA_STD,238524.0,455.6137337135053,5262.257108475989,0.0,20.043679965695357,81.05768448541497,551.975190446284,1632993.5701037426,68987,0.22433994231100676
PREV_CNT_PAYMENT_MEAN,291057.0,13.862904922852474,6.9053839552629075,0.0,9.5,12.0,17.142857142857142,72.0,16454,0.05350702901684818
PREV_CNT_PAYMENT_MAX,291057.0,24.263618466485948,16.54590969306442,0.0,12.0,18.0,36.0,84.0,16454,0.05350702901684818
PREV_CNT_PAYMENT_MIN,291057.0,6.467891169083719,6.361127705877265,0.0,0.0,6.0,10.0,72.0,16454,0.05350702901684818
PREV_CNT_PAYMENT_STD,238524.0,8.971118074912294,6.9282445756393765,0.0,3.794733192202055,6.928203230275509,13.145341380123988,50.91168824543142,68987,0.22433994231100676
PREV_DAYS_FIRST_DRAWING_MEAN,291057.0,350709.8227136687,40117.910813559814,-2922.0,365243.0,365243.0,365243.0,365243.0,16454,0.05350702901684818
PREV_DAYS_FIRST_DRAWING_MAX,291057.0,363807.5607939338,22901.474901353424,-2922.0,365243.0,365243.0,365243.0,365243.0,16454,0.05350702901684818
PREV_DAYS_FIRST_DRAWING_MIN,291057.0,298099.0157082633,141727.2610594388,-2922.0,365243.0,365243.0,365243.0,365243.0,16454,0.05350702901684818
PREV_DAYS_FIRST_DRAWING_STD,238524.0,34335.73326115791,68351.85304421467,0.0,0.0,0.0,0.0,260329.1396684205,68987,0.22433994231100676
PREV_DAYS_FIRST_DUE_MEAN,291057.0,8086.975325935286,30985.370054898212,-2891.0,-1175.0,-831.0,-552.0,365243.0,16454,0.05350702901684818
PREV_DAYS_FIRST_DUE_MAX,291057.0,40965.044424288026,116050.53030244171,-2891.0,-703.0,-387.0,-174.0,365243.0,16454,0.05350702901684818
PREV_DAYS_FIRST_DUE_MIN,291057.0,-1177.2392005689608,11540.12916782971,-2892.0,-2335.0,-1444.0,-831.0,365243.0,16454,0.05350702901684818
PREV_DAYS_FIRST_DUE_STD,238524.0,22539.173803977446,57785.5569640285,0.0,294.1548344989692,549.5347577721991,907.510146864325,260298.7340768295,68987,0.22433994231100676
PREV_DAYS_LAST_DUE_1ST_VERSION_MEAN,291057.0,20421.73294866653,45213.15966349493,-2798.0,-655.6666666666666,-277.0,25810.85714285714,365243.0,16454,0.05350702901684818
PREV_DAYS_LAST_DUE_1ST_VERSION_MAX,291057.0,98700.26157075762,162260.53998921256,-2798.0,-223.0,152.0,365243.0,365243.0,16454,0.05350702901684818
PREV_DAYS_LAST_DUE_1ST_VERSION_MIN,291057.0,397.89268081509806,24082.289074328954,-2801.0,-1995.0,-1080.0,-361.0,365243.0,16454,0.05350702901684818
PREV_DAYS_LAST_DUE_1ST_VERSION_STD,238524.0,51300.16841337027,77568.7196126392,0.0,421.58947296112154,861.6694966325593,121861.80751361769,260244.28685467812,68987,0.22433994231100676
PREV_DAYS_LAST_DUE_MEAN,291057.0,56785.46196318864,87133.90433960572,-2883.0,-729.0,-96.0,90571.25,365243.0,16454,0.05350702901684818
PREV_DAYS_LAST_DUE_MAX,291057.0,176199.94197356532,182763.99873279335,-2883.0,-376.0,-21.0,365243.0,365243.0,16454,0.05350702901684818
PREV_DAYS_LAST_DUE_MIN,291057.0,13675.319535348746,72603.82415012506,-2889.0,-2030.0,-1141.0,-537.0,365243.0,16454,0.05350702901684818
PREV_DAYS_LAST_DUE_STD,238524.0,93426.46618928181,92088.15759456818,0.0,519.31927738043,110273.99699912546,178687.63577199553,260289.54168867407,68987,0.22433994231100676
PREV_DAYS_TERMINATION_MEAN,291057.0,61688.79359663015,89751.7596224355,-2789.0,-649.4375,25028.928571428572,90914.0,365243.0,16454,0.05350702901684818
PREV_DAYS_TERMINATION_MAX,291057.0,187918.45828136758,182777.01021955485,-2789.0,-332.0,365243.0,365243.0,365243.0,16454,0.05350702901684818
PREV_DAYS_TERMINATION_MIN,291057.0,15248.946117083595,76085.58963061687,-2874.0,-1995.0,-1105.0,-499.0,365243.0,16454,0.05350702901684818
PREV_DAYS_TERMINATION_STD,238524.0,99849.16279397317,92308.25834056754,0.0,550.0681775925599,121921.68858607716,182871.0,260226.60918514847,68987,0.22433994231100676
PREV_NFLAG_INSURED_ON_APPROVAL_MEAN,291057.0,0.19310003537735407,0.24828655848348374,0.0,0.0,0.1,0.3333333333333333,1.0,16454,0.05350702901684818
PREV_NFLAG_INSURED_ON_APPROVAL_MAX,291057.0,0.5266803409641411,0.4992885096836835,0.0,0.0,1.0,1.0,1.0,16454,0.05350702901684818
PREV_NFLAG_INSURED_ON_APPROVAL_MIN,291057.0,0.03460490556832511,0.1827772438212504,0.0,0.0,0.0,0.0,1.0,16454,0.05350702901684818
PREV_NFLAG_INSURED_ON_APPROVAL_STD,238524.0,0.29771426638490106,0.25642876094800443,0.0,0.0,0.3892494720807615,0.5163977794943222,0.7071067811865476,68987,0.22433994231100676
PREV_NAME_CONTRACT_TYPE_CASH LOANS,291057.0,0.3170698055363699,0.32013556017295064,0.0,0.0,0.25,0.5714285714285714,1.0,16454,0.05350702901684818
PREV_NAME_CONTRACT_TYPE_CONSUMER LOANS,291057.0,0.5844853658608756,0.3505259435511957,0.0,0.2857142857142857,0.5,1.0,1.0,16454,0.05350702901684818
PREV_NAME_CONTRACT_TYPE_REVOLVING LOANS,291057.0,0.09826642884863333,0.16969663936076648,0.0,0.0,0.0,0.1666666666666666,1.0,16454,0.05350702901684818
PREV_NAME_CONTRACT_TYPE_XNA,291057.0,0.00017839975412101597,0.006995471208138251,0.0,0.0,0.0,0.0,0.6666666666666666,16454,0.05350702901684818
PREV_NAME_CONTRACT_TYPE_NAN,291057.0,0.0,0.0,0.0,0.0,0.0,0.0,0.0,16454,0.05350702901684818
PREV_WEEKDAY_APPR_PROCESS_START_FRIDAY,291057.0,0.14728904463042217,0.23688215551535968,0.0,0.0,0.0,0.25,1.0,16454,0.05350702901684818
PREV_WEEKDAY_APPR_PROCESS_START_MONDAY,291057.0,0.14553414672643156,0.23612450098975563,0.0,0.0,0.0,0.25,1.0,16454,0.05350702901684818
PREV_WEEKDAY_APPR_PROCESS_START_SATURDAY,291057.0,0.1540573169223739,0.2507466096589618,0.0,0.0,0.0,0.25,1.0,16454,0.05350702901684818
PREV_WEEKDAY_APPR_PROCESS_START_SUNDAY,291057.0,0.1133495516314988,0.224667383773884,0.0,0.0,0.0,0.1428571428571428,1.0,16454,0.05350702901684818
PREV_WEEKDAY_APPR_PROCESS_START_THURSDAY,291057.0,0.1451422781590419,0.23587675263017233,0.0,0.0,0.0,0.25,1.0,16454,0.05350702901684818
PREV_WEEKDAY_APPR_PROCESS_START_TUESDAY,291057.0,0.14700094800426305,0.23620458094943136,0.0,0.0,0.0,0.25,1.0,16454,0.05350702901684818
PREV_WEEKDAY_APPR_PROCESS_START_WEDNESDAY,291057.0,0.14762671392596854,0.237179680072335,0.0,0.0,0.0,0.25,1.0,16454,0.05350702901684818
PREV_WEEKDAY_APPR_PROCESS_START_NAN,291057.0,0.0,0.0,0.0,0.0,0.0,0.0,0.0,16454,0.05350702901684818
PREV_FLAG_LAST_APPL_PER_CONTRACT_N,291057.0,0.00301352814078781,0.02703536966848333,0.0,0.0,0.0,0.0,0.8888888888888888,16454,0.05350702901684818
PREV_FLAG_LAST_APPL_PER_CONTRACT_Y,291057.0,0.996986471859212,0.027035369668557237,0.1111111111111111,1.0,1.0,1.0,1.0,16454,0.05350702901684818
PREV_FLAG_LAST_APPL_PER_CONTRACT_NAN,291057.0,0.0,0.0,0.0,0.0,0.0,0.0,0.0,16454,0.05350702901684818
PREV_NAME_CASH_LOAN_PURPOSE_BUILDING A HOUSE OR AN ANNEX,291057.0,0.0012012513857737799,0.021933330517826796,0.0,0.0,0.0,0.0,1.0,16454,0.05350702901684818
PREV_NAME_CASH_LOAN_PURPOSE_BUSINESS DEVELOPMENT,291057.0,0.00020180103908617488,0.009122750303324085,0.0,0.0,0.0,0.0,1.0,16454,0.05350702901684818
PREV_NAME_CASH_LOAN_PURPOSE_BUYING A GARAGE,291057.0,5.952248543775095e-05,0.00477448400387959,0.0,0.0,0.0,0.0,1.0,16454,0.05350702901684818
PREV_NAME_CASH_LOAN_PURPOSE_BUYING A HOLIDAY HOME / LAND,291057.0,0.00024967140775219147,0.010126731148286213,0.0,0.0,0.0,0.0,1.0,16454,0.05350702901684818
PREV_NAME_CASH_LOAN_PURPOSE_BUYING A HOME,291057.0,0.00037080949905114193,0.011945801150297856,0.0,0.0,0.0,0.0,1.0,16454,0.05350702901684818
PREV_NAME_CASH_LOAN_PURPOSE_BUYING A NEW CAR,291057.0,0.00043403849970128456,0.01325571138577844,0.0,0.0,0.0,0.0,1.0,16454,0.05350702901684818
PREV_NAME_CASH_LOAN_PURPOSE_BUYING A USED CAR,291057.0,0.0013196825420296776,0.022854371617257757,0.0,0.0,0.0,0.0,1.0,16454,0.05350702901684818
PREV_NAME_CASH_LOAN_PURPOSE_CAR REPAIRS,291057.0,0.0004619928776053877,0.014734976132703035,0.0,0.0,0.0,0.0,1.0,16454,0.05350702901684818
PREV_NAME_CASH_LOAN_PURPOSE_EDUCATION,291057.0,0.0007820356045034983,0.017386958063206396,0.0,0.0,0.0,0.0,1.0,16454,0.05350702901684818
PREV_NAME_CASH_LOAN_PURPOSE_EVERYDAY EXPENSES,291057.0,0.0012729553559678375,0.022384812551072872,0.0,0.0,0.0,0.0,1.0,16454,0.05350702901684818
PREV_NAME_CASH_LOAN_PURPOSE_FURNITURE,291057.0,0.00044900354669413745,0.014105289158457733,0.0,0.0,0.0,0.0,1.0,16454,0.05350702901684818
PREV_NAME_CASH_LOAN_PURPOSE_GASIFICATION / WATER SUPPLY,291057.0,0.00016105788140942677,0.008344700961771936,0.0,0.0,0.0,0.0,1.0,16454,0.05350702901684818
PREV_NAME_CASH_LOAN_PURPOSE_HOBBY,291057.0,1.9161474812520727e-05,0.0019253695903512168,0.0,0.0,0.0,0.0,0.5,16454,0.05350702901684818
PREV_NAME_CASH_LOAN_PURPOSE_JOURNEY,291057.0,0.0006352159261502648,0.016392050413917673,0.0,0.0,0.0,0.0,1.0,16454,0.05350702901684818
PREV_NAME_CASH_LOAN_PURPOSE_MEDICINE,291057.0,0.0011291639287442545,0.02250974752296902,0.0,0.0,0.0,0.0,1.0,16454,0.05350702901684818
PREV_NAME_CASH_LOAN_PURPOSE_MONEY FOR A THIRD PERSON,291057.0,1.552879706673718e-05,0.002877016142377529,0.0,0.0,0.0,0.0,1.0,16454,0.05350702901684818
PREV_NAME_CASH_LOAN_PURPOSE_OTHER,291057.0,0.0075560559717869225,0.05531842641606843,0.0,0.0,0.0,0.0,1.0,16454,0.05350702901684818
PREV_NAME_CASH_LOAN_PURPOSE_PAYMENTS ON OTHER LOANS,291057.0,0.0006007476507012819,0.01216562419775493,0.0,0.0,0.0,0.0,1.0,16454,0.05350702901684818
PREV_NAME_CASH_LOAN_PURPOSE_PURCHASE OF ELECTRONIC EQUIPMENT,291057.0,0.0006263498807203142,0.016385114865787333,0.0,0.0,0.0,0.0,1.0,16454,0.05350702901684818
PREV_NAME_CASH_LOAN_PURPOSE_REFUSAL TO NAME THE GOAL,291057.0,9.268724932667047e-06,0.002145101180835513,0.0,0.0,0.0,0.0,1.0,16454,0.05350702901684818
PREV_NAME_CASH_LOAN_PURPOSE_REPAIRS,291057.0,0.011518439314793441,0.07017375724936568,0.0,0.0,0.0,0.0,1.0,16454,0.05350702901684818
PREV_NAME_CASH_LOAN_PURPOSE_URGENT NEEDS,291057.0,0.004596599759847462,0.04518788945374039,0.0,0.0,0.0,0.0,1.0,16454,0.05350702901684818
PREV_NAME_CASH_LOAN_PURPOSE_WEDDING / GIFT / HOLIDAY,291057.0,0.0004991084067329775,0.014753881432378168,0.0,0.0,0.0,0.0,1.0,16454,0.05350702901684818
PREV_NAME_CASH_LOAN_PURPOSE_XAP,291057.0,0.6829301944636302,0.32013556017293526,0.0,0.4285714285714285,0.75,1.0,1.0,16454,0.05350702901684818
PREV_NAME_CASH_LOAN_PURPOSE_XNA,291057.0,0.2829003435750689,0.29882726297819856,0.0,0.0,0.25,0.5,1.0,16454,0.05350702901684818
PREV_NAME_CASH_LOAN_PURPOSE_NAN,291057.0,0.0,0.0,0.0,0.0,0.0,0.0,0.0,16454,0.05350702901684818
PREV_NAME_CONTRACT_STATUS_APPROVED,291057.0,0.7488553255770102,0.26233181248910253,0.0,0.5,0.8,1.0,1.0,16454,0.05350702901684818
PREV_NAME_CONTRACT_STATUS_CANCELED,291057.0,0.12513243806921234,0.18696560931476466,0.0,0.0,0.0,0.25,1.0,16454,0.05350702901684818
PREV_NAME_CONTRACT_STATUS_REFUSED,291057.0,0.11090162051012162,0.18434836241369723,0.0,0.0,0.0,0.2,1.0,16454,0.05350702901684818
PREV_NAME_CONTRACT_STATUS_UNUSED OFFER,291057.0,0.015110615843655808,0.0691068406747915,0.0,0.0,0.0,0.0,1.0,16454,0.05350702901684818
PREV_NAME_CONTRACT_STATUS_NAN,291057.0,0.0,0.0,0.0,0.0,0.0,0.0,0.0,16454,0.05350702901684818
PREV_NAME_PAYMENT_TYPE_CASH THROUGH THE BANK,291057.0,0.6815027249673518,0.30153362810727785,0.0,0.5,0.7,1.0,1.0,16454,0.05350702901684818
PREV_NAME_PAYMENT_TYPE_CASHLESS FROM THE ACCOUNT OF THE EMPLOYER,291057.0,0.0007033663939662238,0.017682278150686754,0.0,0.0,0.0,0.0,1.0,16454,0.05350702901684818
PREV_NAME_PAYMENT_TYPE_NON-CASH FROM YOUR ACCOUNT,291057.0,0.006107819262364438,0.056501154400779255,0.0,0.0,0.0,0.0,1.0,16454,0.05350702901684818
PREV_NAME_PAYMENT_TYPE_XNA,291057.0,0.3116860893763177,0.2987031115840641,0.0,0.0,0.2857142857142857,0.5,1.0,16454,0.05350702901684818
PREV_NAME_PAYMENT_TYPE_NAN,291057.0,0.0,0.0,0.0,0.0,0.0,0.0,0.0,16454,0.05350702901684818
PREV_CODE_REJECT_REASON_CLIENT,291057.0,0.015110615843655808,0.0691068406747915,0.0,0.0,0.0,0.0,1.0,16454,0.05350702901684818
PREV_CODE_REJECT_REASON_HC,291057.0,0.05970105475816144,0.13350705009477545,0.0,0.0,0.0,0.0,1.0,16454,0.05350702901684818
PREV_CODE_REJECT_REASON_LIMIT,291057.0,0.025080163185315828,0.09183684434544782,0.0,0.0,0.0,0.0,1.0,16454,0.05350702901684818
PREV_CODE_REJECT_REASON_SCO,291057.0,0.016635040659384613,0.07162697090004973,0.0,0.0,0.0,0.0,1.0,16454,0.05350702901684818
PREV_CODE_REJECT_REASON_SCOFR,291057.0,0.005620409108609748,0.043139882041560336,0.0,0.0,0.0,0.0,1.0,16454,0.05350702901684818
PREV_CODE_REJECT_REASON_SYSTEM,291057.0,0.00033555547245293406,0.009590747925911748,0.0,0.0,0.0,0.0,1.0,16454,0.05350702901684818
PREV_CODE_REJECT_REASON_VERIF,291057.0,0.001498633356059016,0.019883939169966475,0.0,0.0,0.0,0.0,1.0,16454,0.05350702901684818
PREV_CODE_REJECT_REASON_XAP,291057.0,0.87397882808523,0.19450469553244504,0.0,0.75,1.0,1.0,1.0,16454,0.05350702901684818
PREV_CODE_REJECT_REASON_XNA,291057.0,0.002039699531130426,0.021807165559097428,0.0,0.0,0.0,0.0,1.0,16454,0.05350702901684818
PREV_CODE_REJECT_REASON_NAN,291057.0,0.0,0.0,0.0,0.0,0.0,0.0,0.0,16454,0.05350702901684818
PREV_NAME_TYPE_SUITE_CHILDREN,291057.0,0.02142834010739437,0.09944710056037177,0.0,0.0,0.0,0.0,1.0,16454,0.05350702901684818
PREV_NAME_TYPE_SUITE_FAMILY,291057.0,0.14682304022824758,0.2486808069580888,0.0,0.0,0.0,0.2222222222222222,1.0,16454,0.05350702901684818
PREV_NAME_TYPE_SUITE_GROUP OF PEOPLE,291057.0,0.0015751437897493963,0.026989974597044365,0.0,0.0,0.0,0.0,1.0,16454,0.05350702901684818
PREV_NAME_TYPE_SUITE_OTHER_A,291057.0,0.0066059286075290475,0.0561567994061836,0.0,0.0,0.0,0.0,1.0,16454,0.05350702901684818
PREV_NAME_TYPE_SUITE_OTHER_B,291057.0,0.01257715267757774,0.0766298523430736,0.0,0.0,0.0,0.0,1.0,16454,0.05350702901684818
"PREV_NAME_TYPE_SUITE_SPOUSE, PARTNER",291057.0,0.04707145664521357,0.14830438421288059,0.0,0.0,0.0,0.0,1.0,16454,0.05350702901684818
PREV_NAME_TYPE_SUITE_UNACCOMPANIED,291057.0,0.28451546951441936,0.29674116606617296,0.0,0.0,0.25,0.5,1.0,16454,0.05350702901684818
PREV_NAME_TYPE_SUITE_NAN,291057.0,0.47940346842986875,0.32965705573199194,0.0,0.25,0.5,0.7,1.0,16454,0.05350702901684818
PREV_NAME_CLIENT_TYPE_NEW,291057.0,0.3504087241921679,0.34173849493085956,0.0,0.1,0.25,0.5,1.0,16454,0.05350702901684818
PREV_NAME_CLIENT_TYPE_REFRESHED,291057.0,0.10021437042907413,0.21162617697470856,0.0,0.0,0.0,0.0909090909090909,1.0,16454,0.05350702901684818
PREV_NAME_CLIENT_TYPE_REPEATER,291057.0,0.5484343340473856,0.3539949618371641,0.0,0.25,0.6666666666666666,0.8333333333333334,1.0,16454,0.05350702901684818
PREV_NAME_CLIENT_TYPE_XNA,291057.0,0.0009425713313723536,0.01931965459822632,0.0,0.0,0.0,0.0,1.0,16454,0.05350702901684818
PREV_NAME_CLIENT_TYPE_NAN,291057.0,0.0,0.0,0.0,0.0,0.0,0.0,0.0,16454,0.05350702901684818
PREV_NAME_GOODS_CATEGORY_ADDITIONAL SERVICE,291057.0,0.00010476277605654323,0.007337802403815349,0.0,0.0,0.0,0.0,1.0,16454,0.05350702901684818
PREV_NAME_GOODS_CATEGORY_ANIMALS,291057.0,1.1452510447552655e-06,0.0006178594890857027,0.0,0.0,0.0,0.0,0.3333333333333333,16454,0.05350702901684818
PREV_NAME_GOODS_CATEGORY_AUDIO/VIDEO,291057.0,0.07855511632856235,0.19118017011215063,0.0,0.0,0.0,0.0,1.0,16454,0.05350702901684818
PREV_NAME_GOODS_CATEGORY_AUTO ACCESSORIES,291057.0,0.006021897750102516,0.05754369872019295,0.0,0.0,0.0,0.0,1.0,16454,0.05350702901684818
PREV_NAME_GOODS_CATEGORY_CLOTHING AND ACCESSORIES,291057.0,0.02135544383625281,0.11250198465978545,0.0,0.0,0.0,0.0,1.0,16454,0.05350702901684818
PREV_NAME_GOODS_CATEGORY_COMPUTERS,291057.0,0.0852454688045868,0.20303403044140214,0.0,0.0,0.0,0.0,1.0,16454,0.05350702901684818
PREV_NAME_GOODS_CATEGORY_CONSTRUCTION MATERIALS,291057.0,0.021800700367031012,0.11174972758968162,0.0,0.0,0.0,0.0,1.0,16454,0.05350702901684818
PREV_NAME_GOODS_CATEGORY_CONSUMER ELECTRONICS,291057.0,0.09730463695827506,0.21352447372290623,0.0,0.0,0.0,0.1,1.0,16454,0.05350702901684818
PREV_NAME_GOODS_CATEGORY_DIRECT SALES,291057.0,0.0003885751742487984,0.015759035029608296,0.0,0.0,0.0,0.0,1.0,16454,0.05350702901684818
PREV_NAME_GOODS_CATEGORY_EDUCATION,291057.0,0.0001503236575748146,0.011012401738440035,0.0,0.0,0.0,0.0,1.0,16454,0.05350702901684818
PREV_NAME_GOODS_CATEGORY_FITNESS,291057.0,0.0002775637992708876,0.014531288795274077,0.0,0.0,0.0,0.0,1.0,16454,0.05350702901684818
PREV_NAME_GOODS_CATEGORY_FURNITURE,291057.0,0.04627005576519414,0.1593670885069677,0.0,0.0,0.0,0.0,1.0,16454,0.05350702901684818
PREV_NAME_GOODS_CATEGORY_GARDENING,291057.0,0.0024479978544582155,0.037638779575724896,0.0,0.0,0.0,0.0,1.0,16454,0.05350702901684818
PREV_NAME_GOODS_CATEGORY_HOMEWARES,291057.0,0.004922258051401615,0.05580013178107273,0.0,0.0,0.0,0.0,1.0,16454,0.05350702901684818
PREV_NAME_GOODS_CATEGORY_HOUSE CONSTRUCTION,291057.0,0.0,0.0,0.0,0.0,0.0,0.0,0.0,16454,0.05350702901684818
PREV_NAME_GOODS_CATEGORY_INSURANCE,291057.0,4.035615832850213e-05,0.004451370013283517,0.0,0.0,0.0,0.0,1.0,16454,0.05350702901684818
PREV_NAME_GOODS_CATEGORY_JEWELRY,291057.0,0.0049818685251222985,0.0528885422994402,0.0,0.0,0.0,0.0,1.0,16454,0.05350702901684818
PREV_NAME_GOODS_CATEGORY_MEDICAL SUPPLIES,291057.0,0.004356156581897281,0.05486162687885316,0.0,0.0,0.0,0.0,1.0,16454,0.05350702901684818
PREV_NAME_GOODS_CATEGORY_MEDICINE,291057.0,0.0018094789471826919,0.03544396029555102,0.0,0.0,0.0,0.0,1.0,16454,0.05350702901684818
PREV_NAME_GOODS_CATEGORY_MOBILE,291057.0,0.17414952411439083,0.27632563367781615,0.0,0.0,0.0,0.25,1.0,16454,0.05350702901684818
PREV_NAME_GOODS_CATEGORY_OFFICE APPLIANCES,291057.0,0.0017099331103836001,0.028389244753817,0.0,0.0,0.0,0.0,1.0,16454,0.05350702901684818
PREV_NAME_GOODS_CATEGORY_OTHER,291057.0,0.0018558122144318285,0.027716115220683454,0.0,0.0,0.0,0.0,1.0,16454,0.05350702901684818
PREV_NAME_GOODS_CATEGORY_PHOTO / CINEMA EQUIPMENT,291057.0,0.018601689879768863,0.09232923684794775,0.0,0.0,0.0,0.0,1.0,16454,0.05350702901684818
PREV_NAME_GOODS_CATEGORY_SPORT AND LEISURE,291057.0,0.00252943236845033,0.03727095913404579,0.0,0.0,0.0,0.0,1.0,16454,0.05350702901684818
PREV_NAME_GOODS_CATEGORY_TOURISM,291057.0,0.001607051632651829,0.03362248027828746,0.0,0.0,0.0,0.0,1.0,16454,0.05350702901684818
PREV_NAME_GOODS_CATEGORY_VEHICLES,291057.0,0.003138328110808792,0.043085734637859044,0.0,0.0,0.0,0.0,1.0,16454,0.05350702901684818
PREV_NAME_GOODS_CATEGORY_WEAPON,291057.0,6.546921202701311e-05,0.006062904033472153,0.0,0.0,0.0,0.0,1.0,16454,0.05350702901684818
PREV_NAME_GOODS_CATEGORY_XNA,291057.0,0.42030895277049574,0.35101327093300344,0.0,0.0,0.5,0.7272727272727273,1.0,16454,0.05350702901684818
PREV_NAME_GOODS_CATEGORY_NAN,291057.0,0.0,0.0,0.0,0.0,0.0,0.0,0.0,16454,0.05350702901684818
PREV_NAME_PORTFOLIO_CARDS,291057.0,0.07826697680091019,0.14275728966188445,0.0,0.0,0.0,0.125,1.0,16454,0.05350702901684818
PREV_NAME_PORTFOLIO_CARS,291057.0,0.0003186339385418152,0.012431516147414204,0.0,0.0,0.0,0.0,1.0,16454,0.05350702901684818
PREV_NAME_PORTFOLIO_CASH,291057.0,0.2072617009867659,0.2550433020062662,0.0,0.0,0.1111111111111111,0.3333333333333333,1.0,16454,0.05350702901684818
PREV_NAME_PORTFOLIO_POS,291057.0,0.5636600317400657,0.3483820178655396,0.0,0.25,0.5,1.0,1.0,16454,0.05350702901684818
PREV_NAME_PORTFOLIO_XNA,291057.0,0.1504926565337162,0.20092195397050508,0.0,0.0,0.0,0.2941176470588235,1.0,16454,0.05350702901684818
PREV_NAME_PORTFOLIO_NAN,291057.0,0.0,0.0,0.0,0.0,0.0,0.0,0.0,16454,0.05350702901684818
PREV_NAME_PRODUCT_TYPE_XNA,291057.0,0.714471322212324,0.2865710508261828,0.0,0.5,0.75,1.0,1.0,16454,0.05350702901684818
PREV_NAME_PRODUCT_TYPE_WALK-IN,291057.0,0.0805524567048296,0.183439373741604,0.0,0.0,0.0,0.0,1.0,16454,0.05350702901684818
PREV_NAME_PRODUCT_TYPE_X-SELL,291057.0,0.20497622108284647,0.24351388414295333,0.0,0.0,0.125,0.3636363636363636,1.0,16454,0.05350702901684818
PREV_NAME_PRODUCT_TYPE_NAN,291057.0,0.0,0.0,0.0,0.0,0.0,0.0,0.0,16454,0.05350702901684818
PREV_CHANNEL_TYPE_AP+ (CASH LOAN),291057.0,0.029769096900108233,0.12403984684094967,0.0,0.0,0.0,0.0,1.0,16454,0.05350702901684818
PREV_CHANNEL_TYPE_CAR DEALER,291057.0,0.0003377623235857283,0.01273932427208048,0.0,0.0,0.0,0.0,1.0,16454,0.05350702901684818
PREV_CHANNEL_TYPE_CHANNEL OF CORPORATE SALES,291057.0,0.0037161214011225932,0.05066388054193122,0.0,0.0,0.0,0.0,1.0,16454,0.05350702901684818
PREV_CHANNEL_TYPE_CONTACT CENTER,291057.0,0.03617918568443469,0.11062373606075832,0.0,0.0,0.0,0.0,1.0,16454,0.05350702901684818
PREV_CHANNEL_TYPE_COUNTRY-WIDE,291057.0,0.3697388544906754,0.35941683182588385,0.0,0.0,0.2857142857142857,0.6,1.0,16454,0.05350702901684818
PREV_CHANNEL_TYPE_CREDIT AND CASH OFFICES,291057.0,0.2955435702446179,0.3301583053551347,0.0,0.0,0.1818181818181818,0.5714285714285714,1.0,16454,0.05350702901684818
PREV_CHANNEL_TYPE_REGIONAL / LOCAL,291057.0,0.08986494060359383,0.2193499122286792,0.0,0.0,0.0,0.0,1.0,16454,0.05350702901684818
PREV_CHANNEL_TYPE_STONE,291057.0,0.1748504683518617,0.288137978747371,0.0,0.0,0.0,0.25,1.0,16454,0.05350702901684818
PREV_CHANNEL_TYPE_NAN,291057.0,0.0,0.0,0.0,0.0,0.0,0.0,0.0,16454,0.05350702901684818
PREV_NAME_SELLER_INDUSTRY_AUTO TECHNOLOGY,291057.0,0.004570173312996517,0.05281507360321508,0.0,0.0,0.0,0.0,1.0,16454,0.05350702901684818
PREV_NAME_SELLER_INDUSTRY_CLOTHING,291057.0,0.021456341349753254,0.11303096287528852,0.0,0.0,0.0,0.0,1.0,16454,0.05350702901684818
PREV_NAME_SELLER_INDUSTRY_CONNECTIVITY,291057.0,0.20902948504976926,0.3037689996117475,0.0,0.0,0.0,0.3333333333333333,1.0,16454,0.05350702901684818
PREV_NAME_SELLER_INDUSTRY_CONSTRUCTION,291057.0,0.026227357854774327,0.1236180472393679,0.0,0.0,0.0,0.0,1.0,16454,0.05350702901684818
PREV_NAME_SELLER_INDUSTRY_CONSUMER ELECTRONICS,291057.0,0.30202272077380926,0.33741345591095717,0.0,0.0,0.2,0.5,1.0,16454,0.05350702901684818
PREV_NAME_SELLER_INDUSTRY_FURNITURE,291057.0,0.04952588937593771,0.16585947192877942,0.0,0.0,0.0,0.0,1.0,16454,0.05350702901684818
PREV_NAME_SELLER_INDUSTRY_INDUSTRY,291057.0,0.017423006388976345,0.10126373044025777,0.0,0.0,0.0,0.0,1.0,16454,0.05350702901684818
PREV_NAME_SELLER_INDUSTRY_JEWELRY,291057.0,0.0021867013693317155,0.03511712877100999,0.0,0.0,0.0,0.0,1.0,16454,0.05350702901684818
PREV_NAME_SELLER_INDUSTRY_MLM PARTNERS,291057.0,0.0009565807225146895,0.02472966515424684,0.0,0.0,0.0,0.0,1.0,16454,0.05350702901684818
PREV_NAME_SELLER_INDUSTRY_TOURISM,291057.0,0.00043425882368904284,0.016186157847176946,0.0,0.0,0.0,0.0,1.0,16454,0.05350702901684818
PREV_NAME_SELLER_INDUSTRY_XNA,291057.0,0.3661674849784478,0.3469829305647894,0.0,0.0,0.3333333333333333,0.6666666666666666,1.0,16454,0.05350702901684818
PREV_NAME_SELLER_INDUSTRY_NAN,291057.0,0.0,0.0,0.0,0.0,0.0,0.0,0.0,16454,0.05350702901684818
PREV_NAME_YIELD_GROUP_XNA,291057.0,0.2287596333346264,0.2437181607802286,0.0,0.0,0.2,0.4,1.0,16454,0.05350702901684818
PREV_NAME_YIELD_GROUP_HIGH,291057.0,0.23777789169721375,0.2928217686955169,0.0,0.0,0.1428571428571428,0.3888888888888889,1.0,16454,0.05350702901684818
PREV_NAME_YIELD_GROUP_LOW_ACTION,291057.0,0.06852413269776389,0.18423832144672506,0.0,0.0,0.0,0.0,1.0,16454,0.05350702901684818
PREV_NAME_YIELD_GROUP_LOW_NORMAL,291057.0,0.21002844515414237,0.27555391487504,0.0,0.0,0.1111111111111111,0.3333333333333333,1.0,16454,0.05350702901684818
PREV_NAME_YIELD_GROUP_MIDDLE,291057.0,0.2549098971162536,0.2939069612384535,0.0,0.0,0.1818181818181818,0.4,1.0,16454,0.05350702901684818
PREV_NAME_YIELD_GROUP_NAN,291057.0,0.0,0.0,0.0,0.0,0.0,0.0,0.0,16454,0.05350702901684818
PREV_PRODUCT_COMBINATION_CARD STREET,291057.0,0.05932213435579773,0.1400319974734081,0.0,0.0,0.0,0.0,1.0,16454,0.05350702901684818
PREV_PRODUCT_COMBINATION_CARD X-SELL,291057.0,0.038944294492835624,0.09339899180401333,0.0,0.0,0.0,0.0,1.0,16454,0.05350702901684818
PREV_PRODUCT_COMBINATION_CASH,291057.0,0.10980810454960407,0.17479922009308232,0.0,0.0,0.0,0.2,1.0,16454,0.05350702901684818
PREV_PRODUCT_COMBINATION_CASH STREET: HIGH,291057.0,0.03223687591746357,0.11925747255631658,0.0,0.0,0.0,0.0,1.0,16454,0.05350702901684818
PREV_PRODUCT_COMBINATION_CASH STREET: LOW,291057.0,0.014109810562440466,0.07544024812189157,0.0,0.0,0.0,0.0,1.0,16454,0.05350702901684818
PREV_PRODUCT_COMBINATION_CASH STREET: MIDDLE,291057.0,0.01757444087256551,0.08566836359152573,0.0,0.0,0.0,0.0,1.0,16454,0.05350702901684818
PREV_PRODUCT_COMBINATION_CASH X-SELL: HIGH,291057.0,0.027647761476771865,0.08925722875314877,0.0,0.0,0.0,0.0,1.0,16454,0.05350702901684818
PREV_PRODUCT_COMBINATION_CASH X-SELL: LOW,291057.0,0.0531379516368826,0.11787698974277751,0.0,0.0,0.0,0.0,1.0,16454,0.05350702901684818
PREV_PRODUCT_COMBINATION_CASH X-SELL: MIDDLE,291057.0,0.06255486052064188,0.133852715288412,0.0,0.0,0.0,0.0,1.0,16454,0.05350702901684818
PREV_PRODUCT_COMBINATION_POS HOUSEHOLD WITH INTEREST,291057.0,0.20685243172774476,0.29325101067809706,0.0,0.0,0.0,0.3333333333333333,1.0,16454,0.05350702901684818
PREV_PRODUCT_COMBINATION_POS HOUSEHOLD WITHOUT INTEREST,291057.0,0.06618693349639321,0.18090781358644425,0.0,0.0,0.0,0.0,1.0,16454,0.05350702901684818
PREV_PRODUCT_COMBINATION_POS INDUSTRY WITH INTEREST,291057.0,0.08659703088338917,0.21578905671202003,0.0,0.0,0.0,0.0,1.0,16454,0.05350702901684818
PREV_PRODUCT_COMBINATION_POS INDUSTRY WITHOUT INTEREST,291057.0,0.011406997952299517,0.0813170445666183,0.0,0.0,0.0,0.0,1.0,16454,0.05350702901684818
PREV_PRODUCT_COMBINATION_POS MOBILE WITH INTEREST,291057.0,0.1686830705954998,0.2738095406836972,0.0,0.0,0.0,0.25,1.0,16454,0.05350702901684818
PREV_PRODUCT_COMBINATION_POS MOBILE WITHOUT INTEREST,291057.0,0.02114268945261334,0.10909450979194746,0.0,0.0,0.0,0.0,1.0,16454,0.05350702901684818
PREV_PRODUCT_COMBINATION_POS OTHER WITH INTEREST,291057.0,0.02118821035778714,0.11199563550531547,0.0,0.0,0.0,0.0,1.0,16454,0.05350702901684818
PREV_PRODUCT_COMBINATION_POS OTHERS WITHOUT INTEREST,291057.0,0.0024280013951487244,0.03871541375634437,0.0,0.0,0.0,0.0,1.0,16454,0.05350702901684818
PREV_PRODUCT_COMBINATION_NAN,291057.0,0.00017839975412101597,0.006995471208138251,0.0,0.0,0.0,0.0,0.6666666666666666,16454,0.05350702901684818
